movieCd,link,imgurl,rate,감독,연도,제목,비고
20196309,https://movie.naver.com/movie/bi/mi/basic.nhn?code=173123,https://ssl.pstatic.net/imgmovie/mdi/mit110/1731/173123_P06_135928.jpg,8.36,"['존 왓츠', '존 왓츠|']","['2019', '2019']","['스파이더맨: 파 프롬 홈', '스파이더맨: 파 프롬 홈']",동명영화 없음
20183867,https://movie.naver.com/movie/bi/mi/basic.nhn?code=163788,https://ssl.pstatic.net/imgmovie/mdi/mit110/1637/163788_P18_105943.jpg,9.43,"['가이 리치', '가이 리치']","['2019', '2019']","['알라딘', '알라딘']",fit
20184047,https://movie.naver.com/movie/bi/mi/basic.nhn?code=101966,https://ssl.pstatic.net/imgmovie/mdi/mit110/1019/101966_P09_114632.jpg,9.08,"['조시 쿨리', '조시 쿨리']","['2019', '2019']","['토이 스토리 4', '토이 스토리 4']",fit
20185353,https://movie.naver.com/movie/bi/mi/basic.nhn?code=180209,https://ssl.pstatic.net/imgmovie/mdi/mit110/1802/180209_P42_134851.jpg,5.90,"['남대중', '남대중|']","['2019', '2019']","['기방도령', '기방도령']",동명영화 없음
20183782,https://movie.naver.com/movie/bi/mi/basic.nhn?code=161967,https://ssl.pstatic.net/imgmovie/mdi/mit110/1619/161967_P80_151640.jpg,8.50,"['봉준호', '봉준호']","['2019', '2019']","['기생충', '기생충']",fit
20185986,https://movie.naver.com/movie/bi/mi/basic.nhn?code=174834,https://ssl.pstatic.net/imgmovie/mdi/mit110/1748/174834_P53_105510.jpg,7.37,"['고정욱', '고정욱']","['2019', '2018']","['진범', '진범']",fit
20191601,https://movie.naver.com/movie/bi/mi/basic.nhn?code=183783,https://ssl.pstatic.net/imgmovie/mdi/mit110/1837/183783_P16_105340.jpg,4.08,"['히라야마 미호', '히라야마 미호|']","['2019', '2019']","['극장판 엉덩이 탐정: 화려한 사건 수첩', '극장판 엉덩이 탐정: 화려한 사건 수첩']",동명영화 없음
20199951,https://movie.naver.com/movie/bi/mi/basic.nhn?code=183850,https://ssl.pstatic.net/imgmovie/mdi/mit110/1838/183850_P16_113434.jpg,6.74,"['게리 도버먼', '게리 도버먼|']","['2019', '2019']","['애나벨 집으로', '애나벨 집으로']",동명영화 없음
20196655,https://movie.naver.com/movie/bi/mi/basic.nhn?code=181698,https://ssl.pstatic.net/imgmovie/mdi/mit110/1816/181698_P38_102749.jpg,8.27,"['채드 스타헬스키', '채드 스타헬스키|']","['2019', '2019']","['존 윅 3: 파라벨룸', '존 윅 3: 파라벨룸']",동명영화 없음
20192151,https://movie.naver.com/movie/bi/mi/basic.nhn?code=182014,https://ssl.pstatic.net/imgmovie/mdi/mit110/1820/182014_P09_102330.jpg,6.93,"['아리 애스터', '아리 에스터|']","['2019', '2019']","['미드소마', '미드소마']",동명영화 없음
20198453,https://movie.naver.com/movie/bi/mi/basic.nhn?code=179125,https://ssl.pstatic.net/imgmovie/mdi/mit110/1791/179125_P44_162751.jpg,7.64,"['강윤성', '강윤성|']","['2019', '2019']","['롱 리브 더 킹: 목포 영웅', '롱 리브 더 킹: 목포 영웅']",동명영화 없음
20190273,https://movie.naver.com/movie/bi/mi/basic.nhn?code=183836,https://ssl.pstatic.net/imgmovie/mdi/mit110/1838/183836_P33_161902.jpg,8.75,"['로버트 페르난데스', '로버트 페르난데스|']","['2019', '2019']","['천로역정: 천국을 찾아서', '천로역정: 천국을 찾아서']",동명영화 없음
20182585,https://movie.naver.com/movie/bi/mi/basic.nhn?code=179875,https://ssl.pstatic.net/imgmovie/mdi/mit110/1798/179875_P37_142918.jpg,5.57,"['이정호', '이정호']","['2019', '2019']","['비스트', '비스트']",fit
20192591,https://movie.naver.com/movie/bi/mi/basic.nhn?code=183666,https://ssl.pstatic.net/imgmovie/mdi/mit110/1836/183666_P01_135734.jpg,0.00,"['', '노영미|강소연|김태진|이민섭|이광재|']","['', '2019']","['BIFAN2019 판타스틱 단편 걸작선 1', 'BIFAN2019 판타스틱 단편 걸작선 1']",동명영화 없음
20192022,https://movie.naver.com/movie/bi/mi/basic.nhn?code=167633,https://ssl.pstatic.net/imgmovie/mdi/mit110/1676/167633_P18_100754.jpg,6.92,"['닐 조단', '닐 조단|']","['2019', '2018']","['마담 싸이코', '마담 싸이코']",동명영화 없음
20196657,https://movie.naver.com/movie/bi/mi/basic.nhn?code=97631,https://ssl.pstatic.net/imgmovie/mdi/mit110/0976/97631_P49_094859.jpg,5.30,"['F. 게리 그레이', 'F. 게리 그레이|']","['2019', '2019']","['맨 인 블랙: 인터내셔널', '맨 인 블랙: 인터내셔널']",동명영화 없음
20190885,https://movie.naver.com/movie/bi/mi/basic.nhn?code=183820,https://ssl.pstatic.net/imgmovie/mdi/mit110/1838/183820_P08_141424.jpg,7.00,"['라스 클리브버그', '라스 클리브버그']","['2019', '2019']","['사탄의 인형', '사탄의 인형']",fit
20182387,https://movie.naver.com/movie/bi/mi/basic.nhn?code=164125,https://ssl.pstatic.net/imgmovie/mdi/mit110/1641/164125_P65_143635.jpg,6.47,"['사이먼 킨버그', '사이먼 킨버그|']","['2019', '2019']","['엑스맨: 다크 피닉스', '엑스맨: 다크 피닉스']",동명영화 없음
20190466,https://movie.naver.com/movie/bi/mi/basic.nhn?code=137865,https://ssl.pstatic.net/imgmovie/mdi/mit110/1378/137865_P17_113027.jpg,8.89,"['미미 레더', '미미 레더|']","['2019', '2018']","['세상을 바꾼 변호인', '세상을 바꾼 변호인']",동명영화 없음
19880001,https://movie.naver.com/movie/bi/mi/basic.nhn?code=18781,https://ssl.pstatic.net/imgmovie/mdi/mit110/0187/18781_P40_110031.jpg,9.26,"['미야자키 하야오', '미야자키 하야오|']","['2001', '1988']","['이웃집 토토로', '이웃집 토토로']",동명영화 없음
20191401,https://movie.naver.com/movie/bi/mi/basic.nhn?code=167053,https://ssl.pstatic.net/imgmovie/mdi/mit110/1670/167053_P13_111013.jpg,8.55,"['닐 버거', '닐 버거']","['2019', '2017']","['업사이드', '업사이드']",fit
20198291,https://movie.naver.com/movie/bi/mi/basic.nhn?code=181704,https://ssl.pstatic.net/imgmovie/mdi/mit110/1817/181704_P35_105923.jpg,8.13,"['덱스터 플레처', '덱스터 플레처']","['2019', '2019']","['로켓맨', '로켓맨']",fit
20184889,https://movie.naver.com/movie/bi/mi/basic.nhn?code=136900,https://ssl.pstatic.net/imgmovie/mdi/mit110/1369/136900_P57_104126.jpg,9.39,"['안소니 루소', '안소니 루소|조 루소|']","['2019', '2019']","['어벤져스: 엔드게임', '어벤져스: 엔드게임']",동명영화 없음
20188941,https://movie.naver.com/movie/bi/mi/basic.nhn?code=177967,https://ssl.pstatic.net/imgmovie/mdi/mit110/1779/177967_P50_114447.jpg,7.93,"['이원태', '이원태']","['2019', '2019']","['악인전', '악인전']",fit
20184865,https://movie.naver.com/movie/bi/mi/basic.nhn?code=137327,https://ssl.pstatic.net/imgmovie/mdi/mit110/1373/137327_P17_171853.jpg,7.25,"['마이클 도허티', '마이클 도허티']","['2019', '2019']","['고질라: 킹 오브 몬스터', '고질라: 킹 오브 몬스터']",fit
20199063,https://movie.naver.com/movie/bi/mi/basic.nhn?code=183870,https://ssl.pstatic.net/imgmovie/mdi/mit110/1838/183870_P25_095540.jpg,8.05,"['신우', '신우|']","['2019', '2018']","['빅샤크2: 해저2만리', '빅샤크2: 해저2만리']",동명영화 없음
20188144,https://movie.naver.com/movie/bi/mi/basic.nhn?code=177371,https://ssl.pstatic.net/imgmovie/mdi/mit110/1773/177371_P20_114332.jpg,5.05,"['유선동', '유선동|']","['2019', '2018']","['0.0MHz', '0.0MHz']",동명영화 없음
20184082,https://movie.naver.com/movie/bi/mi/basic.nhn?code=174065,https://ssl.pstatic.net/imgmovie/mdi/mit110/1740/174065_P44_174038.jpg,5.67,"['정다원', '정다원']","['2019', '2018']","['걸캅스', '걸캅스']",fit
20199448,https://movie.naver.com/movie/bi/mi/basic.nhn?code=180169,https://ssl.pstatic.net/imgmovie/mdi/mit110/1801/180169_P64_101528.jpg,9.00,"['장규성', '장규성|']","['2019', '2019']","['어린 의뢰인', '어린 의뢰인']",동명영화 없음
20198597,https://movie.naver.com/movie/bi/mi/basic.nhn?code=183132,https://ssl.pstatic.net/imgmovie/mdi/mit110/1831/183132_P05_134901.jpg,9.28,"['이호경', '이호경']","['2019', '2019']","['교회오빠', '교회오빠']",fit
20199822,https://movie.naver.com/movie/bi/mi/basic.nhn?code=181701,https://ssl.pstatic.net/imgmovie/mdi/mit110/1817/181701_P09_111143.jpg,4.95,"['데이빗 야로베스키', '데이비드 야로베스키']","['2019', '2019']","['더 보이', '더 보이']",fit
20187981,https://movie.naver.com/movie/bi/mi/basic.nhn?code=177483,https://ssl.pstatic.net/imgmovie/mdi/mit110/1774/177483_P122_133507.jpg,8.91,"['홍승완', '홍승완']","['2019', '2018']","['배심원들', '배심원들']",fit
20198598,https://movie.naver.com/movie/bi/mi/basic.nhn?code=167657,https://ssl.pstatic.net/imgmovie/mdi/mit110/1676/167657_P03_163928.jpg,8.12,"['롭 레터맨', '롭 레터맨|']","['2019', '2019']","['명탐정 피카츄', '명탐정 피카츄']",동명영화 없음
20185784,https://movie.naver.com/movie/bi/mi/basic.nhn?code=175366,https://ssl.pstatic.net/imgmovie/mdi/mit110/1753/175366_P31_101140.jpg,8.90,"['육상효', '육상효|']","['2019', '2018']","['나의 특별한 형제', '나의 특별한 형제']",동명영화 없음
20198183,https://movie.naver.com/movie/bi/mi/basic.nhn?code=183136,https://ssl.pstatic.net/imgmovie/mdi/mit110/1831/183136_P10_134628.jpg,9.28,"['김현호', '김현호|윤창섭|']","['2019', '2019']","['뽀로로 극장판 보물섬 대모험', '뽀로로 극장판 보물섬 대모험']",동명영화 없음
20185384,https://movie.naver.com/movie/bi/mi/basic.nhn?code=165022,https://ssl.pstatic.net/imgmovie/mdi/mit110/1650/165022_P15_153454.jpg,9.11,"['앤소니 마라스', '안소니 마라스|']","['2019', '2018']","['호텔 뭄바이', '호텔 뭄바이']",동명영화 없음
20197503,https://movie.naver.com/movie/bi/mi/basic.nhn?code=151550,https://ssl.pstatic.net/imgmovie/mdi/mit110/1515/151550_P22_095949.jpg,6.87,"['루카 구아다니노', '루카 구아다니노']","['2019', '2018']","['서스페리아', '서스페리아']",fit
20197147,https://movie.naver.com/movie/bi/mi/basic.nhn?code=182012,https://ssl.pstatic.net/imgmovie/mdi/mit110/1820/182012_P08_135215.jpg,9.18,"['캘리 애스버리', '켈리 애스버리|']","['2019', '2019']","['어글리 돌', '어글리 돌']",동명영화 없음
20169323,https://movie.naver.com/movie/bi/mi/basic.nhn?code=148863,https://ssl.pstatic.net/imgmovie/mdi/mit110/1488/148863_P10_094956.jpg,8.35,"['미즈노 시게노리', '미즈노 시게노리']","['2019', '2016']","['안도 타다오', '안도 타다오']",fit
20183096,https://movie.naver.com/movie/bi/mi/basic.nhn?code=174050,https://ssl.pstatic.net/imgmovie/mdi/mit110/1740/174050_P32_172314.jpg,7.15,"['이종언', '이종언']","['2019', '2018']","['생일', '생일']",fit
20181877,https://movie.naver.com/movie/bi/mi/basic.nhn?code=132623,https://ssl.pstatic.net/imgmovie/mdi/mit110/1326/132623_P22_133853.jpg,6.74,"['애너 보든', '애너 보든|라이언 플렉']","['2019', '2019']","['캡틴 마블', '캡틴 마블']",fit
20060347,https://movie.naver.com/movie/bi/mi/basic.nhn?code=49336,https://ssl.pstatic.net/imgmovie/mdi/mit110/0493/49336_P59_105053.jpg,7.90,"['길예르모 델 토로', '기예르모 델 토로|']","['2006', '2006']","['판의 미로 - 오필리아와 세 개의 열쇠', '판의 미로 - 오필리아와 세 개의 열쇠']",동명영화 없음
20199736,https://movie.naver.com/movie/bi/mi/basic.nhn?code=184253,https://ssl.pstatic.net/imgmovie/mdi/mit110/1842/184253_P10_155905.jpg,8.86,"['크리스찬 하스', '안드레아 블록|크리스티안 하스|']","['2019', '2019']","['프렌즈: 둥지탈출', '프렌즈: 둥지탈출']",동명영화 없음
20183454,https://movie.naver.com/movie/bi/mi/basic.nhn?code=180399,https://ssl.pstatic.net/imgmovie/mdi/mit110/1803/180399_P00_154546.jpg,6.90,"['마이클 차베즈', '마이클 차베즈|']","['2019', '2019']","['요로나의 저주', '요로나의 저주']",동명영화 없음
20180825,https://movie.naver.com/movie/bi/mi/basic.nhn?code=171785,https://ssl.pstatic.net/imgmovie/mdi/mit110/1717/171785_P84_181225.jpg,8.31,"['김윤석', '김윤석']","['2019', '2018']","['미성년', '미성년']",fit
20198982,https://movie.naver.com/movie/bi/mi/basic.nhn?code=159845,https://ssl.pstatic.net/imgmovie/mdi/mit110/1598/159845_P12_102707.jpg,8.84,"['강지은', '강지은|']","['2019', '2018']","['크게 될 놈', '크게 될 놈']",동명영화 없음
19990220,https://movie.naver.com/movie/bi/mi/basic.nhn?code=24830,https://ssl.pstatic.net/imgmovie/mdi/mit110/0248/24830_P18_133358.jpg,9.07,"['로저 미첼', '로저 미첼|']","['1999', '1999']","['노팅 힐', '노팅 힐']",동명영화 없음
20176103,https://movie.naver.com/movie/bi/mi/basic.nhn?code=163608,https://ssl.pstatic.net/imgmovie/mdi/mit110/1636/163608_P43_141047.jpg,7.43,"['박누리', '박누리']","['2019', '2018']","['돈', '돈']",fit
20198104,https://movie.naver.com/movie/bi/mi/basic.nhn?code=168045,https://ssl.pstatic.net/imgmovie/mdi/mit110/1680/168045_P15_100136.jpg,8.47,"['아담 맥케이', '아담 맥케이']","['2019', '2018']","['바이스', '바이스']",fit
20185406,https://movie.naver.com/movie/bi/mi/basic.nhn?code=164200,https://ssl.pstatic.net/imgmovie/mdi/mit110/1642/164200_P05_105455.jpg,6.87,"['닐 마샬', '닐 마샬']","['2019', '2019']","['헬보이', '헬보이']",fit
20182501,https://movie.naver.com/movie/bi/mi/basic.nhn?code=173667,https://ssl.pstatic.net/imgmovie/mdi/mit110/1736/173667_P27_101947.jpg,5.30,"['김성기', '김성기']","['2019', '2019']","['왓칭', '왓칭']",fit
20198844,https://movie.naver.com/movie/bi/mi/basic.nhn?code=168096,https://ssl.pstatic.net/imgmovie/mdi/mit110/1680/168096_P09_171654.jpg,7.54,"['피에르 모렐', '피에르 모렐']","['2019', '2018']","['아이 엠 마더', '아이 엠 마더']",fit
20196244,https://movie.naver.com/movie/bi/mi/basic.nhn?code=140649,https://ssl.pstatic.net/imgmovie/mdi/mit110/1406/140649_P11_111034.jpg,5.84,"['데이비드 F. 샌드버그', '데이비드 F. 샌드버그']","['2019', '2019']","['샤잠!', '샤잠!']",fit
20185352,https://movie.naver.com/movie/bi/mi/basic.nhn?code=181414,https://ssl.pstatic.net/imgmovie/mdi/mit110/1814/181414_P24_174349.jpg,6.82,"['조던 필', '조던 필']","['2019', '2019']","['어스', '어스']",fit
20197423,https://movie.naver.com/movie/bi/mi/basic.nhn?code=181419,https://ssl.pstatic.net/imgmovie/mdi/mit110/1814/181419_P28_165542.jpg,4.86,"['케빈 콜쉬', '케빈 콜쉬|데니스 위드미어']","['2019', '2019']","['공포의 묘지', '공포의 묘지']",fit
20183773,https://movie.naver.com/movie/bi/mi/basic.nhn?code=180381,https://ssl.pstatic.net/imgmovie/mdi/mit110/1803/180381_P17_103533.jpg,8.27,"['프랭키 첸', '프랭키 첸']","['2019', '2018']","['장난스런 키스', '장난스런 키스']",fit
20198403,https://movie.naver.com/movie/bi/mi/basic.nhn?code=181912,https://ssl.pstatic.net/imgmovie/mdi/mit110/1819/181912_P10_135327.jpg,8.98,"['저스틴 밸도니', '저스틴 밸도니']","['2019', '2019']","['파이브 피트', '파이브 피트']",fit
20196025,https://movie.naver.com/movie/bi/mi/basic.nhn?code=163787,https://ssl.pstatic.net/imgmovie/mdi/mit110/1637/163787_P33_174808.jpg,8.94,"['팀 버튼', '팀 버튼']","['2019', '2019']","['덤보', '덤보']",fit
20197092,https://movie.naver.com/movie/bi/mi/basic.nhn?code=182348,https://ssl.pstatic.net/imgmovie/mdi/mit110/1823/182348_P02_174720.jpg,9.30,"['이창근', '이창근']","['2019', '2019']","['로망', '로망']",fit
20198146,https://movie.naver.com/movie/bi/mi/basic.nhn?code=171533,https://ssl.pstatic.net/imgmovie/mdi/mit110/1715/171533_P29_143351.jpg,8.67,"['워시 웨스트모어랜드', '워시 웨스트모어랜드']","['2019', '2018']","['콜레트', '콜레트']",fit
20197846,https://movie.naver.com/movie/bi/mi/basic.nhn?code=153580,https://ssl.pstatic.net/imgmovie/mdi/mit110/1535/153580_P24_103637.jpg,5.78,"['이정범', '이정범']","['2019', '2018']","['악질경찰', '악질경찰']",fit
20175407,https://movie.naver.com/movie/bi/mi/basic.nhn?code=161984,https://ssl.pstatic.net/imgmovie/mdi/mit110/1619/161984_P61_144815.jpg,3.94,"['이수진', '이수진']","['2019', '2018']","['우상', '우상']",fit
20166301,https://movie.naver.com/movie/bi/mi/basic.nhn?code=152624,https://ssl.pstatic.net/imgmovie/mdi/mit110/1526/152624_P34_161443.jpg,5.93,"['김지혜', '김지혜|']","['2019', '2017']","['썬키스 패밀리', '썬키스 패밀리']",동명영화 없음
20197483,https://movie.naver.com/movie/bi/mi/basic.nhn?code=182407,https://ssl.pstatic.net/imgmovie/mdi/mit110/1824/182407_P00_105405.jpg,8.29,"['신상민', '신상민|']","['2019', '2019']","['1919 유관순', '1919 유관순']",동명영화 없음
20197283,https://movie.naver.com/movie/bi/mi/basic.nhn?code=180425,https://ssl.pstatic.net/imgmovie/mdi/mit110/1804/180425_P19_175210.jpg,7.63,"['애덤 로비텔', '애덤 로비텔']","['2019', '2019']","['이스케이프 룸', '이스케이프 룸']",fit
20197356,https://movie.naver.com/movie/bi/mi/basic.nhn?code=179974,https://ssl.pstatic.net/imgmovie/mdi/mit110/1799/179974_P01_153621.jpg,8.82,"['클린트 이스트우드', '클린트 이스트우드']","['2019', '2018']","['라스트 미션', '라스트 미션']",fit
20198603,https://movie.naver.com/movie/bi/mi/basic.nhn?code=169263,https://ssl.pstatic.net/imgmovie/mdi/mit110/1692/169263_P01_094955.jpg,7.93,"['스도 토모노리', '스도 토모노리|']","['2019', '2019']","['페이트 스테이 나이트 헤븐즈필 제2장 로스트 버터플라이', '페이트 스테이 나이트 헤븐즈필 제2장 로스트 버터플라이']",동명영화 없음
20197617,https://movie.naver.com/movie/bi/mi/basic.nhn?code=149022,https://ssl.pstatic.net/imgmovie/mdi/mit110/1490/149022_P12_110503.jpg,6.94,"['막심 파디브', '막심 파디브|']","['2019', '2015']","['정글북: 마법 원정대', '정글북: 마법 원정대']",동명영화 없음
20184574,https://movie.naver.com/movie/bi/mi/basic.nhn?code=171539,https://ssl.pstatic.net/imgmovie/mdi/mit110/1715/171539_P26_135622.jpg,9.61,"['피터 패럴리', '피터 패럴리|']","['2019', '2018']","['그린 북', '그린 북']",동명영화 없음
20196601,https://movie.naver.com/movie/bi/mi/basic.nhn?code=182360,https://ssl.pstatic.net/imgmovie/mdi/mit110/1823/182360_P11_140223.jpg,8.59,"['조민호', '조민호|']","['2019', '2019']","['항거:유관순 이야기', '항거:유관순 이야기']",동명영화 없음
20182530,https://movie.naver.com/movie/bi/mi/basic.nhn?code=167651,https://ssl.pstatic.net/imgmovie/mdi/mit110/1676/167651_P106_141030.jpg,8.53,"['이병헌', '이병헌']","['2019', '2018']","['극한직업', '극한직업']",fit
20185881,https://movie.naver.com/movie/bi/mi/basic.nhn?code=177374,https://ssl.pstatic.net/imgmovie/mdi/mit110/1773/177374_P100_112832.jpg,9.07,"['이한', '이한']","['2019', '2018']","['증인', '증인']",fit
20177539,https://movie.naver.com/movie/bi/mi/basic.nhn?code=167099,https://ssl.pstatic.net/imgmovie/mdi/mit110/1670/167099_P13_101134.jpg,7.20,"['장재현', '장재현|']","['2019', '2019']","['사바하', '사바하']",동명영화 없음
20196723,https://movie.naver.com/movie/bi/mi/basic.nhn?code=182206,https://ssl.pstatic.net/imgmovie/mdi/mit110/1822/182206_P12_121114.jpg,8.63,"['아르나드 부롱', '아르나드 부롱|안톤 크링스|']","['2019', '2017']","['숲속왕국의 꿀벌 여왕', '숲속왕국의 꿀벌 여왕']",동명영화 없음
20180937,https://movie.naver.com/movie/bi/mi/basic.nhn?code=148909,https://ssl.pstatic.net/imgmovie/mdi/mit110/1489/148909_P29_164758.jpg,8.77,"['요르고스 란티모스', '요르고스 란티모스|']","['2019', '2018']","['더 페이버릿: 여왕의 여자', '더 페이버릿: 여왕의 여자']",동명영화 없음
20177282,https://movie.naver.com/movie/bi/mi/basic.nhn?code=170953,https://ssl.pstatic.net/imgmovie/mdi/mit110/1709/170953_P08_140411.jpg,8.10,"['라파엘 리바스', '라파엘 리바스']","['2019', '2017']","['리노', '리노']",fit
20176442,https://movie.naver.com/movie/bi/mi/basic.nhn?code=159070,https://ssl.pstatic.net/imgmovie/mdi/mit110/1590/159070_P13_114738.jpg,3.84,"['김유성', '김유성|']","['2019', '2018']","['자전차왕 엄복동', '자전차왕 엄복동']",동명영화 없음
20195743,https://movie.naver.com/movie/bi/mi/basic.nhn?code=181959,https://ssl.pstatic.net/imgmovie/mdi/mit110/1819/181959_P11_114544.jpg,6.37,"['린 사우더랜드', '린 사우더랜드|']","['2019', '2018']","['신데렐라:마법 반지의 비밀', '신데렐라:마법 반지의 비밀']",동명영화 없음
20195791,https://movie.naver.com/movie/bi/mi/basic.nhn?code=167629,https://ssl.pstatic.net/imgmovie/mdi/mit110/1676/167629_P17_105046.jpg,4.50,"['박수진', '박호찬|박수진|']","['2019', '2018']","['어쩌다, 결혼', '어쩌다, 결혼']",동명영화 없음
20186261,https://movie.naver.com/movie/bi/mi/basic.nhn?code=109193,https://ssl.pstatic.net/imgmovie/mdi/mit110/1091/109193_P21_103935.jpg,9.24,"['딘 데블로이스', '딘 데블로이스|']","['2019', '2019']","['드래곤 길들이기 3', '드래곤 길들이기 3']",동명영화 없음
20188282,https://movie.naver.com/movie/bi/mi/basic.nhn?code=66728,https://ssl.pstatic.net/imgmovie/mdi/mit110/0667/66728_P38_102726.jpg,8.71,"['로버트 로드리게즈', '로버트 로드리게즈|']","['2019', '2018']","['알리타: 배틀 엔젤', '알리타: 배틀 엔젤']",동명영화 없음
20195915,https://movie.naver.com/movie/bi/mi/basic.nhn?code=181411,https://ssl.pstatic.net/imgmovie/mdi/mit110/1814/181411_P02_101349.jpg,7.39,"['크리스토퍼 랜던', '크리스토퍼 랜던|']","['2019', '2019']","['해피 데스데이 2 유', '해피 데스데이 2 유']",동명영화 없음
20020222,https://movie.naver.com/movie/bi/mi/basic.nhn?code=33930,https://ssl.pstatic.net/imgmovie/mdi/mit110/0339/C3930-06.jpg,8.86,"['크리스 콜럼버스', '크리스 콜럼버스|']","['2002', '2002']","['해리포터와 비밀의 방', '해리 포터와 비밀의 방']",동명영화 없음
20185576,https://movie.naver.com/movie/bi/mi/basic.nhn?code=181409,https://ssl.pstatic.net/imgmovie/mdi/mit110/1814/181409_P30_100656.jpg,6.58,"['한스 페터 몰란트', '한스 페터 몰란트|']","['2019', '2019']","['콜드 체이싱', '콜드 체이싱']",동명영화 없음
20184888,https://movie.naver.com/movie/bi/mi/basic.nhn?code=151151,https://ssl.pstatic.net/imgmovie/mdi/mit110/1511/151151_P24_105029.jpg,8.18,"['롭 마샬', '롭 마샬|']","['2019', '2018']","['메리 포핀스 리턴즈', '메리 포핀스 리턴즈']",동명영화 없음
20174169,https://movie.naver.com/movie/bi/mi/basic.nhn?code=169078,https://ssl.pstatic.net/imgmovie/mdi/mit110/1690/169078_P66_101231.jpg,5.89,"['이민재', '이민재|']","['2019', '2018']","['기묘한 가족', '기묘한 가족']",동명영화 없음
20180868,https://movie.naver.com/movie/bi/mi/basic.nhn?code=164173,https://ssl.pstatic.net/imgmovie/mdi/mit110/1641/164173_P45_171744.jpg,6.08,"['한준희', '한준희|']","['2019', '2018']","['뺑반', '뺑반']",동명영화 없음
20162003,https://movie.naver.com/movie/bi/mi/basic.nhn?code=48233,https://ssl.pstatic.net/imgmovie/mdi/mit110/0482/48233_P05_140218.jpg,8.29,"['야마모토 야스이치로', '야마모토 야스이치로|']","['2019', '2008']","['명탐정 코난:전율의 악보', '명탐정 코난:전율의 악보']",동명영화 없음
20185478,https://movie.naver.com/movie/bi/mi/basic.nhn?code=181554,https://ssl.pstatic.net/imgmovie/mdi/mit110/1815/181554_P23_112202.jpg,8.75,"['김진철', '최신규|김진철|']","['2019', '2019']","['극장판 헬로카봇: 옴파로스 섬의 비밀', '극장판 헬로카봇:옴파로스 섬의 비밀']",동명영화 없음
20185444,https://movie.naver.com/movie/bi/mi/basic.nhn?code=125438,https://ssl.pstatic.net/imgmovie/mdi/mit110/1254/125438_P06_114959.jpg,8.73,"['마이크 미첼', '마이크 미첼|']","['2019', '2019']","['레고 무비2', '레고 무비2']",동명영화 없음
20184105,https://movie.naver.com/movie/bi/mi/basic.nhn?code=167699,https://ssl.pstatic.net/imgmovie/mdi/mit110/1676/167699_P40_175859.jpg,9.07,"['엄유나', '엄유나|']","['2019', '2018']","['말모이', '말모이']",동명영화 없음
20185124,https://movie.naver.com/movie/bi/mi/basic.nhn?code=180220,https://ssl.pstatic.net/imgmovie/mdi/mit110/1802/180220_P01_102406.jpg,9.28,"['', '']","['2019', '2018']","['러브 유어셀프 인 서울', '러브 유어셀프 인 서울']",동명영화 없음
20184896,https://movie.naver.com/movie/bi/mi/basic.nhn?code=174830,https://ssl.pstatic.net/imgmovie/mdi/mit110/1748/174830_P17_104205.jpg,9.59,"['나딘 라바키', '나딘 라바키|']","['2019', '2018']","['가버나움', '가버나움']",동명영화 없음
20176251,https://movie.naver.com/movie/bi/mi/basic.nhn?code=164172,https://ssl.pstatic.net/imgmovie/mdi/mit110/1641/164172_P08_114039.jpg,8.19,"['강효진', '강효진|']","['2019', '2018']","['내안의 그놈', '내안의 그놈']",동명영화 없음
20189463,https://movie.naver.com/movie/bi/mi/basic.nhn?code=152632,https://ssl.pstatic.net/imgmovie/mdi/mit110/1526/152632_P19_104759.jpg,8.68,"['리치 무어', '필 존스턴|리치 무어|']","['2019', '2018']","['주먹왕 랄프 2: 인터넷 속으로', '주먹왕 랄프 2: 인터넷 속으로']",동명영화 없음
20182544,https://movie.naver.com/movie/bi/mi/basic.nhn?code=163826,https://ssl.pstatic.net/imgmovie/mdi/mit110/1638/163826_P07_174644.jpg,7.40,"['M. 나이트 샤말란', 'M. 나이트 샤말란']","['2019', '2018']","['글래스', '글래스']",fit
20186324,https://movie.naver.com/movie/bi/mi/basic.nhn?code=144318,https://ssl.pstatic.net/imgmovie/mdi/mit110/1443/144318_P19_100103.jpg,9.31,"['이춘백', '오성윤|이춘백']","['2019', '2018']","['언더독', '언더독']",fit
20185485,https://movie.naver.com/movie/bi/mi/basic.nhn?code=156464,https://ssl.pstatic.net/imgmovie/mdi/mit110/1564/156464_P49_182103.jpg,9.42,"['브라이언 싱어', '브라이언 싱어|']","['2018', '2018']","['보헤미안 랩소디', '보헤미안 랩소디']",동명영화 없음
20189385,https://movie.naver.com/movie/bi/mi/basic.nhn?code=168056,https://ssl.pstatic.net/imgmovie/mdi/mit110/1680/168056_P10_100606.jpg,7.19,"['안드레스 코투리어', '안드레스 코투리어|토드 레스닉']","['2019', '2018']","['몬스터 파크', '몬스터 파크']",fit
20180290,https://movie.naver.com/movie/bi/mi/basic.nhn?code=151153,https://ssl.pstatic.net/imgmovie/mdi/mit110/1511/151153_P19_095147.jpg,8.35,"['제임스 완', '제임스 완']","['2018', '2018']","['아쿠아맨', '아쿠아맨']",fit
20183915,https://movie.naver.com/movie/bi/mi/basic.nhn?code=180372,https://ssl.pstatic.net/imgmovie/mdi/mit110/1803/180372_P16_101254.jpg,9.14,"['최신규', '최신규|유재운|']","['2019', '2018']","['극장판 공룡메카드: 타이니소어의 섬', '극장판 공룡메카드: 타이니소어의 섬']",동명영화 없음
20182588,https://movie.naver.com/movie/bi/mi/basic.nhn?code=172137,https://ssl.pstatic.net/imgmovie/mdi/mit110/1721/172137_P12_134909.jpg,6.05,"['호소다 마모루', '호소다 마모루']","['2019', '2018']","['미래의 미라이', '미래의 미라이']",fit
20186281,https://movie.naver.com/movie/bi/mi/basic.nhn?code=164139,https://ssl.pstatic.net/imgmovie/mdi/mit110/1641/164139_P12_153521.jpg,8.09,"['트래비스 나이트', '트래비스 나이트']","['2018', '2018']","['범블비', '범블비']",fit
20170658,https://movie.naver.com/movie/bi/mi/basic.nhn?code=166092,https://ssl.pstatic.net/imgmovie/mdi/mit110/1660/166092_P35_104446.jpg,5.21,"['김병우', '김병우|']","['2018', '2018']","['PMC: 더 벙커', 'PMC: 더 벙커']",동명영화 없음
20175547,https://movie.naver.com/movie/bi/mi/basic.nhn?code=164101,https://ssl.pstatic.net/imgmovie/mdi/mit110/1641/164101_P62_155759.jpg,8.36,"['강형철', '강형철']","['2018', '2018']","['스윙키즈', '스윙키즈']",fit
20183785,https://movie.naver.com/movie/bi/mi/basic.nhn?code=180379,https://ssl.pstatic.net/imgmovie/mdi/mit110/1803/180379_P32_111508.jpg,9.13,"['한상호', '한상호|']","['2018', '2018']","['점박이 한반도의 공룡2 : 새로운 낙원', '점박이 한반도의 공룡2 : 새로운 낙원']",동명영화 없음
20184187,https://movie.naver.com/movie/bi/mi/basic.nhn?code=152344,https://ssl.pstatic.net/imgmovie/mdi/mit110/1523/152344_P75_112734.jpg,5.56,"['임경택', '임경택']","['2019', '2018']","['언니', '언니']",fit
20182421,https://movie.naver.com/movie/bi/mi/basic.nhn?code=150688,https://ssl.pstatic.net/imgmovie/mdi/mit110/1506/150688_P30_101919.jpg,8.33,"['스콧 모시어', '야로우 체니|스콧 모지어']","['2018', '2018']","['그린치', '그린치']",fit
20168773,https://movie.naver.com/movie/bi/mi/basic.nhn?code=157297,https://ssl.pstatic.net/imgmovie/mdi/mit110/1572/157297_P23_134212.jpg,6.33,"['우민호', '우민호']","['2018', '2017']","['마약왕', '마약왕']",fit
20183479,https://movie.naver.com/movie/bi/mi/basic.nhn?code=172975,https://ssl.pstatic.net/imgmovie/mdi/mit110/1729/172975_P10_141815.jpg,8.29,"['타카하시 와타루', '타카하시 와타루|']","['2018', '2018']","['극장판 짱구는 못말려: 아뵤! 쿵후 보이즈 ~라면 대란~', '극장판 짱구는 못말려: 아뵤! 쿵후 보이즈 ~라면 대란~']",동명영화 없음
20183238,https://movie.naver.com/movie/bi/mi/basic.nhn?code=171725,https://ssl.pstatic.net/imgmovie/mdi/mit110/1717/171725_P18_175530.jpg,9.21,"['밥 퍼시케티', '밥 퍼시케티|피터 램지|로드니 로스맨|']","['2018', '2018']","['스파이더맨: 뉴 유니버스', '스파이더맨: 뉴 유니버스']",동명영화 없음
20177552,https://movie.naver.com/movie/bi/mi/basic.nhn?code=164192,https://ssl.pstatic.net/imgmovie/mdi/mit110/1641/164192_P45_134107.jpg,8.16,"['최국희', '최국희|']","['2018', '2018']","['국가부도의 날', '국가부도의 날']",동명영화 없음
20179230,https://movie.naver.com/movie/bi/mi/basic.nhn?code=171755,https://ssl.pstatic.net/imgmovie/mdi/mit110/1717/171755_P39_140011.jpg,6.01,"['이권', '이권']","['2018', '2018']","['도어락', '도어락']",fit
20183375,https://movie.naver.com/movie/bi/mi/basic.nhn?code=172187,https://ssl.pstatic.net/imgmovie/mdi/mit110/1721/172187_P19_110125.jpg,8.97,"['야지마 테츠오', '야지마 테츠오|']","['2018', '2018']","['극장판 포켓몬스터 모두의 이야기', '극장판 포켓몬스터 모두의 이야기']",동명영화 없음
20189843,https://movie.naver.com/movie/bi/mi/basic.nhn?code=158622,https://ssl.pstatic.net/imgmovie/mdi/mit110/1586/158622_P18_142307.jpg,7.16,"['라세 할스트롬', '라세 할스트롬|조 존스톤|']","['2018', '2018']","['호두까기 인형과 4개의 왕국', '호두까기 인형과 4개의 왕국']",동명영화 없음
20182082,https://movie.naver.com/movie/bi/mi/basic.nhn?code=171452,https://ssl.pstatic.net/imgmovie/mdi/mit110/1714/171452_P19_174244.jpg,7.81,"['폴 페이그', '폴 페이그|']","['2018', '2018']","['부탁 하나만 들어줘', '부탁 하나만 들어줘']",동명영화 없음
20178825,https://movie.naver.com/movie/bi/mi/basic.nhn?code=156496,https://ssl.pstatic.net/imgmovie/mdi/mit110/1564/156496_P24_153246.jpg,6.15,"['크리스찬 리버스', '크리스찬 리버스|']","['2018', '2018']","['모털 엔진', '모털 엔진']",동명영화 없음
20183745,https://movie.naver.com/movie/bi/mi/basic.nhn?code=180384,https://ssl.pstatic.net/imgmovie/mdi/mit110/1803/180384_P14_152246.jpg,7.73,"['윤준상', '윤준상|']","['2018', '2018']","['런닝맨 : 풀룰루의 역습', '런닝맨 : 풀룰루의 역습']",동명영화 없음
20177538,https://movie.naver.com/movie/bi/mi/basic.nhn?code=167638,https://ssl.pstatic.net/imgmovie/mdi/mit110/1676/167638_P71_133542.jpg,8.63,"['이재규', '이재규']","['2018', '2018']","['완벽한 타인', '완벽한 타인']",fit
20184481,https://movie.naver.com/movie/bi/mi/basic.nhn?code=174835,https://ssl.pstatic.net/imgmovie/mdi/mit110/1748/174835_P26_105639.jpg,7.52,"['김민호', '김민호']","['2018', '2018']","['성난황소', '성난황소']",fit
20181905,https://movie.naver.com/movie/bi/mi/basic.nhn?code=144266,https://ssl.pstatic.net/imgmovie/mdi/mit110/1442/144266_P15_111933.jpg,6.61,"['오토 바서스트', '오토 바서스트']","['2018', '2018']","['후드', '후드']",fit
20176814,https://movie.naver.com/movie/bi/mi/basic.nhn?code=154255,https://ssl.pstatic.net/imgmovie/mdi/mit110/1542/154255_P24_095824.jpg,6.18,"['데이빗 예이츠', '데이빗 예이츠|']","['2018', '2018']","['신비한 동물들과 그린델왈드의 범죄', '신비한 동물들과 그린델왈드의 범죄']",동명영화 없음
20183073,https://movie.naver.com/movie/bi/mi/basic.nhn?code=144906,https://ssl.pstatic.net/imgmovie/mdi/mit110/1449/144906_P15_103017.jpg,9.53,"['라세 할스트롬', '라세 할스트롬|']","['2018', '2017']","['베일리 어게인', '베일리 어게인']",동명영화 없음
20181171,https://movie.naver.com/movie/bi/mi/basic.nhn?code=173692,https://ssl.pstatic.net/imgmovie/mdi/mit110/1736/173692_P12_102159.jpg,9.17,"['앤드류 하얏트', '앤드류 하얏트']","['2018', '2018']","['바울', '바울']",fit
20183007,https://movie.naver.com/movie/bi/mi/basic.nhn?code=161868,https://ssl.pstatic.net/imgmovie/mdi/mit110/1618/161868_P24_151256.jpg,7.88,"['페드 알바레즈', '페데 알바레즈|']","['2018', '2018']","['거미줄에 걸린 소녀', '거미줄에 걸린 소녀']",동명영화 없음
20182966,https://movie.naver.com/movie/bi/mi/basic.nhn?code=179138,https://ssl.pstatic.net/imgmovie/mdi/mit110/1791/179138_P01_151818.jpg,4.54,"['빅터 아즈에프', '빅터 아즈에프']","['2018', '2018']","['투 프렌즈', '투 프렌즈']",fit
20183050,https://movie.naver.com/movie/bi/mi/basic.nhn?code=176354,https://ssl.pstatic.net/imgmovie/mdi/mit110/1763/176354_P13_150227.jpg,9.31,"['박준수', '박준수|']","['2018', '2018']","['번 더 스테이지: 더 무비', '번 더 스테이지: 더 무비']",동명영화 없음
20182935,https://movie.naver.com/movie/bi/mi/basic.nhn?code=179139,https://ssl.pstatic.net/imgmovie/mdi/mit110/1791/179139_P14_100455.jpg,8.76,"['노규엽', '노규엽']","['2018', '2018']","['출국', '출국']",fit
20182669,https://movie.naver.com/movie/bi/mi/basic.nhn?code=154653,https://ssl.pstatic.net/imgmovie/mdi/mit110/1546/154653_P12_102646.jpg,8.84,"['제이슨 라이트맨', '제이슨 라이트맨']","['2018', '2018']","['툴리', '툴리']",fit
20186822,https://movie.naver.com/movie/bi/mi/basic.nhn?code=175318,https://ssl.pstatic.net/imgmovie/mdi/mit110/1753/175318_P15_105507.jpg,8.25,"['우시지마 신이치로', '우시지마 신이치로']","['2018', '2018']","['너의 췌장을 먹고 싶어', '너의 췌장을 먹고 싶어']",fit
20170513,https://movie.naver.com/movie/bi/mi/basic.nhn?code=166610,https://ssl.pstatic.net/imgmovie/mdi/mit110/1666/166610_P58_154049.jpg,5.33,"['임진순', '임진순']","['2018', '2018']","['동네사람들', '동네사람들']",fit
20189869,https://movie.naver.com/movie/bi/mi/basic.nhn?code=164147,https://ssl.pstatic.net/imgmovie/mdi/mit110/1641/164147_P46_165808.jpg,7.49,"['김정환', '김정환']","['2018', '2018']","['해피 투게더', '해피 투게더']",fit
20174981,https://movie.naver.com/movie/bi/mi/basic.nhn?code=160487,https://ssl.pstatic.net/imgmovie/mdi/mit110/1604/160487_P48_113750.jpg,5.07,"['김성훈', '김성훈|']","['2018', '2018']","['창궐', '창궐']",동명영화 없음
20010291,https://movie.naver.com/movie/bi/mi/basic.nhn?code=30688,https://ssl.pstatic.net/imgmovie/mdi/mit110/0306/30688_P28_142632.jpg,9.22,"['크리스 콜럼버스', '크리스 콜럼버스|']","['2001', '2001']","['해리포터와 마법사의 돌', '해리 포터와 마법사의 돌']",동명영화 없음
20179006,https://movie.naver.com/movie/bi/mi/basic.nhn?code=171750,https://ssl.pstatic.net/imgmovie/mdi/mit110/1717/171750_P05_173050.jpg,4.21,"['유영선', '유영선']","['2018', '2018']","['여곡성', '여곡성']",fit
20181404,https://movie.naver.com/movie/bi/mi/basic.nhn?code=164155,https://ssl.pstatic.net/imgmovie/mdi/mit110/1641/164155_P03_122329.jpg,6.03,"['일라이 로스', '일라이 로스|']","['2018', '2018']","['벽 속에 숨은 마법시계', '벽 속에 숨은 마법시계']",동명영화 없음
20180523,https://movie.naver.com/movie/bi/mi/basic.nhn?code=168050,https://ssl.pstatic.net/imgmovie/mdi/mit110/1680/168050_P19_100458.jpg,9.15,"['브래들리 쿠퍼', '브래들리 쿠퍼']","['2018', '2018']","['스타 이즈 본', '스타 이즈 본']",fit
20182693,https://movie.naver.com/movie/bi/mi/basic.nhn?code=172819,https://ssl.pstatic.net/imgmovie/mdi/mit110/1728/172819_P01_163303.jpg,7.39,"['아리 산델', '아리 산델|']","['2018', '2018']","['구스범스: 몬스터의 역습', '구스범스: 몬스터의 역습']",동명영화 없음
20180987,https://movie.naver.com/movie/bi/mi/basic.nhn?code=170879,https://ssl.pstatic.net/imgmovie/mdi/mit110/1708/170879_P03_161546.jpg,6.30,"['데이빗 고든 그린', '데이빗 고든 그린']","['2018', '2018']","['할로윈', '할로윈']",fit
20179189,https://movie.naver.com/movie/bi/mi/basic.nhn?code=167105,https://ssl.pstatic.net/imgmovie/mdi/mit110/1671/167105_P28_103614.jpg,8.32,"['김태균', '김태균|']","['2018', '2018']","['암수살인', '암수살인']",동명영화 없음
20189067,https://movie.naver.com/movie/bi/mi/basic.nhn?code=155356,https://ssl.pstatic.net/imgmovie/mdi/mit110/1553/155356_P29_104216.jpg,9.10,"['이지원', '이지원|']","['2018', '2018']","['미쓰백', '미쓰백']",동명영화 없음
20182403,https://movie.naver.com/movie/bi/mi/basic.nhn?code=168047,https://ssl.pstatic.net/imgmovie/mdi/mit110/1680/168047_P06_140254.jpg,7.05,"['존 추', '존 추|']","['2018', '2018']","['크레이지 리치 아시안', '크레이지 리치 아시안']",동명영화 없음
20186321,https://movie.naver.com/movie/bi/mi/basic.nhn?code=168058,https://ssl.pstatic.net/imgmovie/mdi/mit110/1680/168058_P18_101211.jpg,6.95,"['데이미언 셔젤', '데이미언 셔젤']","['2018', '2018']","['퍼스트맨', '퍼스트맨']",fit
20177221,https://movie.naver.com/movie/bi/mi/basic.nhn?code=119428,https://ssl.pstatic.net/imgmovie/mdi/mit110/1194/119428_P08_114709.jpg,7.90,"['루벤 플레셔', '루벤 플레셔']","['2018', '2018']","['베놈', '베놈']",fit
20189123,https://movie.naver.com/movie/bi/mi/basic.nhn?code=168023,https://ssl.pstatic.net/imgmovie/mdi/mit110/1680/168023_P15_161116.jpg,8.95,"['마크 포스터', '마크 포스터|']","['2018', '2018']","['곰돌이 푸 다시 만나 행복해', '곰돌이 푸 다시 만나 행복해']",동명영화 없음
20176122,https://movie.naver.com/movie/bi/mi/basic.nhn?code=163533,https://ssl.pstatic.net/imgmovie/mdi/mit110/1635/163533_P99_105455.jpg,8.00,"['김광식', '김광식']","['2018', '2017']","['안시성', '안시성']",fit
20184678,https://movie.naver.com/movie/bi/mi/basic.nhn?code=174807,https://ssl.pstatic.net/imgmovie/mdi/mit110/1748/174807_P19_111000.jpg,5.35,"['박진영', '박진영']","['2018', '2018']","['배반의 장미', '배반의 장미']",fit
20187521,https://movie.naver.com/movie/bi/mi/basic.nhn?code=177381,https://ssl.pstatic.net/imgmovie/mdi/mit110/1773/177381_P01_144141.jpg,6.63,"['이시다 히로야스', '이시다 히로야스|']","['2018', '2018']","['펭귄 하이웨이', '펭귄 하이웨이']",동명영화 없음
20180628,https://movie.naver.com/movie/bi/mi/basic.nhn?code=167481,https://ssl.pstatic.net/imgmovie/mdi/mit110/1674/167481_P05_145414.jpg,7.03,"['올리버 달리', '올리버 달리|']","['2018', '2018']","['액슬', '액슬']",동명영화 없음
20180770,https://movie.naver.com/movie/bi/mi/basic.nhn?code=178402,https://ssl.pstatic.net/imgmovie/mdi/mit110/1784/178402_P16_115047.jpg,5.15,"['마이크 데블린', '마이크 데블린|']","['2018', '2018']","['다이노 어드벤처2: 육해공 공룡 대백과', '다이노 어드벤처2: 육해공 공룡 대백과']",동명영화 없음
20189462,https://movie.naver.com/movie/bi/mi/basic.nhn?code=158620,https://ssl.pstatic.net/imgmovie/mdi/mit110/1586/158620_P19_101107.jpg,8.51,"['존 스티븐슨', '존 스티븐슨|']","['2018', '2018']","['셜록 놈즈', '셜록 놈즈']",동명영화 없음
20177308,https://movie.naver.com/movie/bi/mi/basic.nhn?code=164106,https://ssl.pstatic.net/imgmovie/mdi/mit110/1641/164106_P16_135532.jpg,7.36,"['이종석', '이종석']","['2018', '2018']","['협상', '협상']",fit
20188661,https://movie.naver.com/movie/bi/mi/basic.nhn?code=170824,https://ssl.pstatic.net/imgmovie/mdi/mit110/1708/170824_P15_182407.jpg,7.53,"['마이클 수지', '마이클 수지']","['2018', '2018']","['에브리데이', '에브리데이']",fit
20172204,https://movie.naver.com/movie/bi/mi/basic.nhn?code=162981,https://ssl.pstatic.net/imgmovie/mdi/mit110/1629/162981_P72_153440.jpg,7.06,"['박희곤', '박희곤']","['2018', '2017']","['명당', '명당']",fit
20167903,https://movie.naver.com/movie/bi/mi/basic.nhn?code=152156,https://ssl.pstatic.net/imgmovie/mdi/mit110/1521/152156_P76_134247.jpg,6.63,"['조원희', '조원희|']","['2018', '2018']","['원더풀 고스트', '원더풀 고스트']",동명영화 없음
20189262,https://movie.naver.com/movie/bi/mi/basic.nhn?code=168049,https://ssl.pstatic.net/imgmovie/mdi/mit110/1680/168049_P02_145901.jpg,6.67,"['코린 하디', '코린 하디']","['2018', '2018']","['더 넌', '더 넌']",fit
20185046,https://movie.naver.com/movie/bi/mi/basic.nhn?code=172425,https://ssl.pstatic.net/imgmovie/mdi/mit110/1724/172425_P04_130843.jpg,8.92,"['아니쉬 차간티', '아니쉬 차간티']","['2018', '2017']","['서치', '서치']",fit
20188304,https://movie.naver.com/movie/bi/mi/basic.nhn?code=170496,https://ssl.pstatic.net/imgmovie/mdi/mit110/1704/170496_P19_142149.jpg,8.84,"['우시로 신지', '우시로 신지|']","['2018', '2017']","['극장판 요괴워치 섀도사이드: 도깨비왕의 부활', '극장판 요괴워치 섀도사이드: 도깨비왕의 부활']",동명영화 없음
20189268,https://movie.naver.com/movie/bi/mi/basic.nhn?code=178214,https://ssl.pstatic.net/imgmovie/mdi/mit110/1782/178214_P10_102058.jpg,8.90,"['울프강 라우엔슈타인', '울프강 라우엔슈타인|크리스토프 라우엔슈타인']","['2018', '2018']","['루이스', '루이스']",fit
20180167,https://movie.naver.com/movie/bi/mi/basic.nhn?code=178426,https://ssl.pstatic.net/imgmovie/mdi/mit110/1784/178426_P18_102633.jpg,5.33,"['닛타 노리오', '닛타 노리오|']","['2018', '2018']","['에그엔젤 코코밍: 두근두근 핼러윈 파티', '에그엔젤 코코밍: 두근두근 핼러윈 파티']",동명영화 없음
20189746,https://movie.naver.com/movie/bi/mi/basic.nhn?code=178445,https://ssl.pstatic.net/imgmovie/mdi/mit110/1784/178445_P01_100308.jpg,9.00,"['정미화', '정미화|']","['2018', '2018']","['극장판 뽀잉: 슈퍼 변신의 비밀', '극장판 뽀잉: 슈퍼 변신의 비밀']",동명영화 없음
20156554,https://movie.naver.com/movie/bi/mi/basic.nhn?code=132996,https://ssl.pstatic.net/imgmovie/mdi/mit110/1329/132996_P35_100121.jpg,4.82,"['허종호', '허종호|']","['2018', '2018']","['물괴', '물괴']",동명영화 없음
20153446,https://movie.naver.com/movie/bi/mi/basic.nhn?code=140652,https://ssl.pstatic.net/imgmovie/mdi/mit110/1406/140652_P38_143110.jpg,8.42,"['이석근', '이석근']","['2018', '2018']","['너의 결혼식', '너의 결혼식']",fit
20188581,https://movie.naver.com/movie/bi/mi/basic.nhn?code=127335,https://ssl.pstatic.net/imgmovie/mdi/mit110/1273/127335_P10_172314.jpg,5.82,"['쉐인 블랙', '셰인 블랙|']","['2018', '2018']","['더 프레데터', '더 프레데터']",동명영화 없음
20189362,https://movie.naver.com/movie/bi/mi/basic.nhn?code=174626,https://ssl.pstatic.net/imgmovie/mdi/mit110/1746/174626_P11_140653.jpg,9.02,"['리 워넬', '리 워넬']","['2018', '2018']","['업그레이드', '업그레이드']",fit
20177537,https://movie.naver.com/movie/bi/mi/basic.nhn?code=172010,https://ssl.pstatic.net/imgmovie/mdi/mit110/1720/172010_P10_141651.jpg,4.25,"['변혁', '변혁']","['2018', '2018']","['상류사회', '상류사회']",fit
20181942,https://movie.naver.com/movie/bi/mi/basic.nhn?code=164115,https://ssl.pstatic.net/imgmovie/mdi/mit110/1641/164115_P50_104521.jpg,8.96,"['올 파커', '올 파커|']","['2018', '2018']","['맘마미아!2', '맘마미아!2']",동명영화 없음
20186202,https://movie.naver.com/movie/bi/mi/basic.nhn?code=167697,https://ssl.pstatic.net/imgmovie/mdi/mit110/1676/167697_P01_113354.jpg,7.71,"['김용화', '김용화|']","['2018', '2017']","['신과함께-인과 연', '신과함께-인과 연']",동명영화 없음
20179101,https://movie.naver.com/movie/bi/mi/basic.nhn?code=153687,https://ssl.pstatic.net/imgmovie/mdi/mit110/1536/153687_P54_102718.jpg,6.85,"['윤종빈', '윤종빈']","['2018', '2018']","['공작', '공작']",fit
20170670,https://movie.naver.com/movie/bi/mi/basic.nhn?code=169015,https://ssl.pstatic.net/imgmovie/mdi/mit110/1690/169015_P29_104430.jpg,4.86,"['조규장', '조규장']","['2018', '2017']","['목격자', '목격자']",fit
20189261,https://movie.naver.com/movie/bi/mi/basic.nhn?code=172768,https://ssl.pstatic.net/imgmovie/mdi/mit110/1727/172768_P23_140008.jpg,8.73,"['발타자르 코루마쿠르', '발타자르 코루마쿠르|']","['2018', '2018']","['어드리프트:우리가 함께한 바다', '어드리프트:우리가 함께한 바다']",동명영화 없음
20187647,https://movie.naver.com/movie/bi/mi/basic.nhn?code=167602,https://ssl.pstatic.net/imgmovie/mdi/mit110/1676/167602_P09_101816.jpg,7.91,"['수잔나 포겔', '수잔나 포겔|']","['2018', '2018']","['나를 차버린 스파이', '나를 차버린 스파이']",동명영화 없음
20181181,https://movie.naver.com/movie/bi/mi/basic.nhn?code=154222,https://ssl.pstatic.net/imgmovie/mdi/mit110/1542/154222_P07_114856.jpg,9.12,"['크리스토퍼 맥쿼리', '크리스토퍼 맥쿼리|']","['2018', '2018']","['미션 임파서블: 폴아웃', '미션 임파서블: 폴아웃']",동명영화 없음
20139221,https://movie.naver.com/movie/bi/mi/basic.nhn?code=47370,https://ssl.pstatic.net/imgmovie/mdi/mit110/0473/47370_P32_143517.jpg,8.28,"['알폰소 쿠아론', '알폰소 쿠아론']","['2013', '2013']","['그래비티', '그래비티']",fit
20184802,https://movie.naver.com/movie/bi/mi/basic.nhn?code=169643,https://ssl.pstatic.net/imgmovie/mdi/mit110/1696/169643_P26_103310.jpg,8.59,"['젠디 타타코브스키', '젠디 타타코브스키|']","['2018', '2018']","['몬스터 호텔 3', '몬스터 호텔 3']",동명영화 없음
20183584,https://movie.naver.com/movie/bi/mi/basic.nhn?code=152661,https://ssl.pstatic.net/imgmovie/mdi/mit110/1526/152661_P02_173353.jpg,5.87,"['존 터틀타웁', '존 터틀타웁']","['2018', '2018']","['메가로돈', '메가로돈']",fit
20187657,https://movie.naver.com/movie/bi/mi/basic.nhn?code=171499,https://ssl.pstatic.net/imgmovie/mdi/mit110/1714/171499_P38_160259.jpg,7.41,"['피터 버그', '피터 버그|']","['2018', '2018']","['마일22', '마일 22']",동명영화 없음
20187641,https://movie.naver.com/movie/bi/mi/basic.nhn?code=172118,https://ssl.pstatic.net/imgmovie/mdi/mit110/1721/172118_P13_110330.jpg,8.76,"['이마이 카즈아키', '이마이 카즈아키|']","['2018', '2018']","['극장판 도라에몽: 진구의 보물섬', '극장판 도라에몽: 진구의 보물섬']",동명영화 없음
20187427,https://movie.naver.com/movie/bi/mi/basic.nhn?code=173019,https://ssl.pstatic.net/imgmovie/mdi/mit110/1730/173019_P30_150613.jpg,9.07,"['타치카와 유즈루', '타치카와 유즈루|']","['2018', '2018']","['명탐정 코난 : 제로의 집행인', '명탐정 코난 : 제로의 집행인']",동명영화 없음
20186501,https://movie.naver.com/movie/bi/mi/basic.nhn?code=175727,https://ssl.pstatic.net/imgmovie/mdi/mit110/1757/175727_P08_154401.jpg,9.23,"['최신규', '김진철|최신규|']","['2018', '2018']","['극장판 헬로카봇 : 백악기 시대', '극장판 헬로카봇 : 백악기 시대']",동명영화 없음
20183361,https://movie.naver.com/movie/bi/mi/basic.nhn?code=136990,https://ssl.pstatic.net/imgmovie/mdi/mit110/1369/136990_P27_140604.jpg,9.23,"['브래드 버드', '브래드 버드']","['2018', '2018']","['인크레더블 2', '인크레더블 2']",fit
20185242,https://movie.naver.com/movie/bi/mi/basic.nhn?code=174805,https://ssl.pstatic.net/imgmovie/mdi/mit110/1748/174805_P12_100714.jpg,8.72,"['김병갑', '김병갑|']","['2018', '2018']","['신비아파트: 금빛 도깨비와 비밀의 동굴', '신비아파트: 금빛 도깨비와 비밀의 동굴']",동명영화 없음
20186121,https://movie.naver.com/movie/bi/mi/basic.nhn?code=172174,https://ssl.pstatic.net/imgmovie/mdi/mit110/1721/172174_P20_110537.jpg,9.21,"['고레에다 히로카즈', '고레에다 히로카즈']","['2018', '2018']","['어느 가족', '어느 가족']",fit
20170942,https://movie.naver.com/movie/bi/mi/basic.nhn?code=109906,https://ssl.pstatic.net/imgmovie/mdi/mit110/1099/109906_P00_103901.jpg,3.85,"['김지운', '김지운']","['2018', '2018']","['인랑', '인랑']",fit
20180522,https://movie.naver.com/movie/bi/mi/basic.nhn?code=144330,https://ssl.pstatic.net/imgmovie/mdi/mit110/1443/144330_P05_110325.jpg,8.62,"['페이튼 리드', '페이튼 리드|']","['2018', '2018']","['앤트맨과 와스프', '앤트맨과 와스프']",동명영화 없음
20185341,https://movie.naver.com/movie/bi/mi/basic.nhn?code=175322,https://ssl.pstatic.net/imgmovie/mdi/mit110/1753/175322_P98_135944.jpg,8.18,"['박훈정', '박훈정']","['2018', '2018']","['마녀', '마녀']",fit
